A,A,A,A,A,A,A,A,A,A,A,A,A,A,A,A,A,A,A,A,A,A,A,A,A,A,A,A,A,A,A,A,A,A,A,A,A,A,A,A,A,A,A,A,A,A,A,A,A,A,A,A,A,A,A,A,A,A,A,A,A,A,A,A,A,A,A,A,A,A,A,A,A,A,A,A,A,A,A,A,A,A,A,A,A,A,A,A,A,A,A,A,A,A,A,A,A,A,A,A,A,A,A,A,A,A,A,A,A,A,A,A,A,A,A,A,A,A,A,A,A,A,A,A,A,A,A,A,A,A,A,A,A,A,A,A,A,A,A,A,A,A,A,A,A,A,A,A,A,A,A,A,A,A,A,A,A,A,A,A,A,A,A,A,A,A,A,A,A,A,A,A,A,A,A,A,A,A,A,A,A,A,A,A,A,A,A,A,A,A,A,A,A,A,A,A,A,A,A,A,A,A,A,A,A,A,A,A,A,A,A,A,A,A,A,A,A,A,A,A,A,A,A,A,A,A,A,A,A,A,A,A,A,A,A,A,A,A,A,A,A,A,A,A,A,A,A,A,A,A,A,A,A,A,A,A,L,L,A,A,L,A,A,A,A
L,L,L,A,L,Q,A,L,A,L,A,H,H,L,A,A,A,A,A,H,L,A,A,H,L,A,A,S,A,H,A,L,L,L,A,L,A,A,A,A,A,A,S,L,H,A,Q,H,H,L,S,Q,H,H,H,A,A,L,L,L,L,A,A,A,L,A,A,A,A,A,A,L,A,A,H,A,A,L,A,L,L,L,L,A,A,L,L,A,A,H,H,L,A,A,L,A,A,A,A,H,H,Q,A,A,A,A,H,A,A,H,H,H,S,H,Q,H,A,N,A,A,H,A,A,A,H,A,A,H,A,A,A,H,A,A,L,L,L,L,L,A,H,H,L,A,L,A,L,L,L,L,A,L,L,L,A,L,L,A,L,A,A,A,H,S,S,A,H,A,A,H,H,H,L,L,H,L,L,A,A,H,H,H,H,L,L,L,L,L,L,L,L,A,A,H,A,A,H,A,L,A,A,S,Q,Q,L,L,L,L,L,L,L,L,A,L,L,A,A,Q,Q,A,A,H,A,A,A,A,A,L,A,A,H,H,A,A,A,L,A,A,L,H,A,A,L,L,A,A,A,A,A,Q,A,F,A,L,S,A,L,L,E,A,L,A,A,S,H
L,L,L,L,A,Q,A,L,A,L,A,H,L,L,L,A,L,L,L,A,L,A,A,L,A,L,L,L,L,E,L,L,L,L,L,L,E,L,L,L,L,A,A,L,A,A,L,A,L,A,S,A,H,E,H,L,Q,L,L,L,L,L,Y,L,L,A,A,Q,L,H,A,L,H,H,L,A,L,L,A,L,L,L,L,A,L,L,L,A,A,A,A,L,A,A,A,L,L,A,A,A,A,Q,A,L,A,L,L,H,A,H,H,H,A,A,A,Q,L,L,T,S,A,S,H,A,H,A,A,H,L,A,A,L,L,H,L,L,L,A,L,L,H,L,L,L,A,Y,L,L,A,L,L,L,L,L,A,L,L,A,A,L,A,A,L,S,A,A,H,H,A,L,H,H,L,L,L,L,L,L,H,H,L,L,L,Q,A,L,E,L,L,L,L,A,L,E,A,L,L,A,L,L,L,A,Q,Y,L,L,A,L,L,A,L,A,A,L,L,L,A,A,E,E,A,H,A,A,A,A,A,L,A,A,H,A,A,S,A,D,A,E,A,H,L,A,L,L,L,A,L,A,E,E,A,A,A,L,L,E,L,A,L,L,A,A,L,L,Q
L,L,L,L,L,A,L,L,A,L,L,H,L,L,L,L,Y,Y,Y,A,L,L,A,L,L,A,L,A,L,E,L,L,L,L,L,E,A,L,W,L,L,A,A,L,A,A,L,L,L,L,L,A,A,L,L,L,L,L,V,L,L,L,Y,L,L,L,A,L,L,L,A,Y,H,H,L,A,L,L,A,L,L,L,L,A,L,L,L,F,A,A,A,E,L,A,L,L,L,S,D,A,H,V,A,L,A,Y,L,L,A,H,H,Y,A,A,A,A,A,Y,S,S,L,L,E,A,Y,S,Y,Y,L,H,H,L,L,Y,Y,L,L,V,L,L,E,L,L,L,L,Y,L,L,V,L,L,Y,L,L,A,L,L,A,L,L,D,A,L,S,D,G,L,S,A,L,L,L,L,L,V,L,L,Q,Q,H,L,L,L,Q,L,L,A,L,E,L,L,S,L,E,A,L,L,L,L,L,L,A,Q,Y,L,V,A,L,T,L,L,L,V,L,L,L,E,L,L,E,T,Y,A,A,A,L,A,L,L,L,Q,A,L,S,L,N,S,L,L,L,L,L,L,L,Y,A,L,E,N,E,A,F,A,L,L,E,L,E,V,V,Q,E,Y,E,E
L,L,L,A,F,A,L,L,A,L,A,H,A,L,L,A,L,A,Y,A,L,A,A,A,L,A,L,A,A,G,L,V,L,L,L,E,V,L,L,L,L,A,A,L,A,A,A,N,L,A,S,A,H,Y,H,A,A,L,L,L,A,L,Y,L,L,A,A,A,L,A,A,Y,H,H,F,A,A,L,A,N,E,L,L,A,L,L,L,V,A,Y,D,E,L,A,L,L,L,A,D,A,H,V,G,A,A,Y,L,H,A,N,Y,Q,A,Y,N,A,A,Y,L,H,L,L,E,V,L,S,Q,H,H,H,H,L,D,H,Y,L,L,F,L,L,E,L,L,L,L,Y,L,F,A,L,F,Y,L,L,F,L,L,A,L,L,D,A,L,A,N,G,L,H,A,L,L,E,F,L,Y,F,L,L,Q,H,L,A,Q,Q,D,C,A,L,Y,G,F,S,T,S,A,A,L,S,S,L,S,A,Q,Y,L,L,A,L,A,V,L,L,V,L,L,L,Y,L,E,L,T,Y,A,A,T,S,T,L,V,A,Q,A,L,A,T,N,N,Q,A,N,N,A,L,L,I,V,L,T,N,Q,A,Y,A,L,Y,N,Y,D,V,V,Q,H,H,E,E
L,L,L,L,L,A,L,L,S,L,L,H,S,L,L,A,Q,A,Y,A,V,G,A,A,G,A,L,A,E,Q,L,L,S,R,L,E,E,G,E,L,L,A,A,L,A,A,A,S,L,A,S,A,N,E,Y,A,N,Q,F,T,T,Y,Y,Y,L,A,A,A,I,A,A,Y,Q,E,A,Q,A,A,D,N,D,S,A,A,D,L,D,I,A,Y,D,D,A,A,D,S,Q,D,D,A,Q,V,G,A,A,Y,Y,T,A,D,D,R,A,Q,N,Q,Q,Y,Q,D,T,L,Q,S,Q,S,Q,Q,Q,H,D,Q,D,Q,Y,L,Q,Q,Q,L,E,L,L,Q,A,Y,Q,Y,A,D,F,Y,V,D,F,L,L,D,V,L,D,D,L,S,D,G,L,H,E,L,E,E,T,L,L,L,T,Q,G,G,Q,A,Q,Q,D,Q,E,Q,E,G,F,S,D,Q,S,S,Q,S,S,T,S,E,Q,Y,L,T,T,T,Q,V,T,Y,V,L,L,L,E,D,Q,E,T,Q,Q,T,T,Q,T,L,T,A,Q,K,T,S,T,N,S,Q,A,N,T,A,L,L,I,V,L,V,K,Q,A,Y,A,L,Y,D,Y,D,V,V,D,Q,D,Q,G
M,L,A,A,L,A,V,L,A,T,L,V,S,L,L,L,Q,A,V,A,L,T,E,K,L,A,L,D,A,D,L,L,S,E,L,V,V,L,Q,L,L,A,L,L,A,A,G,S,L,L,L,A,E,E,N,A,N,T,L,L,T,G,Y,L,L,A,A,A,I,V,A,Y,L,E,A,T,L,V,T,L,D,S,L,A,D,D,L,D,D,E,D,V,V,V,E,S,E,S,D,G,E,V,G,V,V,T,E,T,D,D,N,R,S,D,S,E,Q,N,Q,D,V,L,Q,V,L,S,Q,N,L,H,D,Q,Q,E,D,L,V,V,V,L,E,L,L,L,V,T,T,V,V,L,V,V,V,L,V,V,L,V,V,V,D,D,L,V,D,G,L,H,D,L,E,E,V,L,T,L,V,L,E,G,V,V,T,S,D,T,E,V,Y,F,F,S,T,S,S,T,E,S,T,L,S,A,N,T,T,V,T,T,Q,V,T,Y,T,L,L,S,E,D,Q,T,T,N,Q,T,S,Q,T,L,M,A,Q,K,T,S,T,N,S,Q,N,D,Q,A,L,I,I,V,L,V,Q,N,A,V,V,L,T,D,T,D,V,V,D,Q,G,S,G
L,L,A,L,L,A,L,L,A,A,A,A,G,L,L,L,K,K,L,A,L,A,E,K,L,L,L,A,G,K,L,L,E,E,L,V,E,L,G,L,L,L,L,L,A,A,G,L,L,L,L,L,L,D,L,D,G,K,F,L,L,G,F,G,L,A,A,A,V,A,A,Y,L,K,A,K,L,A,G,G,L,A,A,A,D,Q,L,F,A,Y,G,K,L,Q,F,L,Q,T,D,G,Q,V,G,V,A,G,G,T,A,D,Y,Y,S,A,N,Q,Q,T,Q,D,T,L,E,V,L,Q,Q,K,Q,H,K,R,Q,Q,D,L,F,H,Q,Q,Q,L,L,L,F,Y,Q,G,A,V,F,V,A,F,F,V,Q,A,V,V,G,A,F,G,G,G,L,H,V,L,A,E,A,T,T,L,F,T,G,G,L,V,T,S,D,G,A,L,Y,F,F,S,T,S,S,T,Q,S,G,K,S,L,Q,T,G,A,A,G,Q,G,L,L,T,L,L,S,K,D,Q,T,T,K,Q,T,K,Q,T,T,L,G,Q,K,S,G,S,Q,G,Q,A,D,Q,L,T,I,I,V,L,V,Q,Q,A,F,A,L,L,K,K,D,V,V,K,Q,Q,Q,G
L,L,A,L,A,A,L,L,A,L,L,H,R,L,L,L,D,A,L,A,L,A,E,A,L,L,L,A,L,D,E,L,E,L,L,A,E,L,A,L,L,A,L,L,A,A,A,D,L,L,L,L,L,D,D,L,A,L,L,L,L,L,L,L,L,A,A,A,L,L,A,Q,L,L,A,L,L,L,A,L,L,L,L,A,L,L,L,L,A,H,Q,R,L,A,L,L,Q,A,D,A,E,A,A,L,A,A,L,A,A,D,D,Q,A,Q,Q,Q,A,Q,Q,H,A,L,Q,A,L,Q,Q,Q,Q,H,H,Q,Q,Q,Q,L,Q,Q,Q,Q,Q,L,L,Q,A,A,Q,L,A,A,L,A,A,A,A,A,A,A,A,V,A,A,L,A,A,A,L,A,A,L,A,H,A,A,A,H,A,A,E,A,L,L,Q,H,D,Q,A,H,Q,L,V,A,A,H,A,Q,H,H,H,L,H,L,T,H,L,H,H,Q,Q,V,V,Q,T,L,L,A,H,D,Q,Q,Q,Q,Q,Q,D,Q,A,L,M,A,Q,Q,Q,Q,S,S,S,Q,A,D,Q,A,Q,L,A,V,A,A,Q,Q,A,A,A,L,A,K,A,D,A,R,H,Q,R,R,A
L,A,A,A,A,A,A,L,A,L,L,A,A,L,L,A,A,A,L,A,A,A,A,A,A,L,L,A,A,A,A,A,A,A,A,A,A,A,A,A,L,A,A,L,A,A,A,A,A,L,L,L,A,A,A,A,A,R,A,A,A,L,A,A,L,L,A,A,L,A,A,A,A,A,A,A,A,L,A,A,A,A,A,A,A,A,A,A,A,A,A,A,L,A,L,L,A,A,A,A,A,A,A,A,A,A,A,A,A,A,A,A,A,A,A,Q,A,S,K,A,A,A,A,A,A,S,A,A,S,A,S,R,A,A,A,A,A,A,A,A,A,A,A,A,A,A,A,A,A,A,A,A,A,A,A,A,A,A,L,L,A,A,V,A,A,A,L,A,A,A,A,A,A,A,A,A,A,A,A,A,A,A,A,A,A,A,A,A,A,A,A,A,A,S,A,A,A,S,A,A,A,A,A,A,A,A,A,A,Q,A,V,A,A,A,A,A,A,A,Q,A,A,Q,A,A,A,A,A,A,A,A,A,A,A,A,S,S,A,A,A,A,A,A,A,L,A,L,A,A,A,A,A,A,A,A,A,A,A,A,A,A,A,A,A,A,A
M,L,A,A,A,A,A,A,A,A,L,A,A,L,L,A,A,A,A,A,A,A,A,A,A,A,A,A,A,A,A,A,A,A,A,A,A,A,A,A,A,A,A,A,A,A,A,A,A,A,L,A,A,A,A,L,A,T,L,A,A,L,A,A,L,A,A,A,A,A,A,A,A,A,A,A,A,A,A,A,A,A,A,A,A,A,A,A,A,A,A,A,A,A,A,A,A,S,A,A,S,A,A,A,A,A,A,A,A,S,S,S,S,A,S,S,A,S,K,S,A,A,T,A,A,S,S,A,S,A,S,A,T,A,A,A,A,A,A,A,A,A,T,A,A,A,T,T,L,L,A,A,A,A,A,A,T,A,A,V,A,A,L,A,T,T,L,T,T,L,A,A,T,L,A,L,L,L,A,A,L,A,A,S,T,A,A,A,A,A,A,A,A,S,A,A,A,S,A,A,A,A,A,A,A,A,A,A,A,A,V,A,A,A,A,A,A,A,A,A,A,A,A,A,A,A,A,A,A,A,A,A,A,A,A,A,A,A,A,A,A,A,A,L,A,L,A,A,T,A,A,A,A,A,A,A,A,A,A,A,A,A,A,A,A
M,A,A,A,A,A,A,A,A,A,A,A,A,A,A,A,A,A,A,A,A,A,A,A,A,A,A,A,A,A,A,A,A,A,A,A,A,A,A,A,A,A,A,A,A,A,A,A,A,A,V,A,A,A,A,L,A,A,A,A,A,A,A,A,L,A,A,A,A,A,A,A,A,A,A,A,A,A,A,A,A,A,A,A,A,A,A,A,A,A,A,A,A,A,A,A,A,A,A,A,A,A,A,A,A,A,A,A,A,A,A,A,A,A,A,A,A,A,A,A,A,A,A,A,A,A,A,A,A,A,A,A,A,A,A,A,A,A,A,A,A,A,A,A,A,A,A,A,A,A,A,A,A,A,A,A,A,A,A,A,A,A,A,A,A,A,A,A,A,A,A,A,A,A,A,A,A,A,A,A,A,A,A,A,A,A,A,A,A,A,A,A,A,A,A,A,A,A,A,A,A,A,A,A,A,A,A,A,A,A,A,A,A,A,A,A,A,A,A,A,A,A,A,A,A,A,A,A,A,A,A,A,A,S,S,A,A,A,A,A,A,A,A,A,A,A,A,A,A,A,A,A,A,A,A,A,A,A,A,A,A,A,A,A,A
M,A,A,A,A,A,A,A,A,A,A,A,A,A,A,A,A,A,A,A,V,A,A,A,A,A,A,A,G,A,A,A,A,A,A,A,A,A,A,A,A,A,A,A,A,A,A,A,A,A,V,A,A,A,A,A,A,A,A,A,A,A,A,A,L,V,A,A,V,V,A,V,A,A,A,A,A,A,A,A,A,A,A,A,A,A,A,A,A,A,A,A,A,A,A,A,A,A,A,A,A,A,A,A,A,A,A,A,A,A,A,A,A,A,A,A,A,A,A,A,A,A,A,A,A,A,A,A,A,A,A,A,A,A,A,A,A,A,A,A,A,A,A,A,A,A,A,A,A,A,A,A,A,A,A,A,A,A,A,A,A,A,A,A,A,A,A,A,A,A,A,A,A,A,A,A,A,A,A,A,A,A,A,A,A,A,A,A,A,A,A,A,A,A,A,A,A,A,A,A,A,A,A,A,A,A,A,A,A,A,V,A,A,A,A,A,A,A,A,A,A,A,A,A,A,A,A,A,A,A,A,R,A,S,S,S,A,A,A,A,A,A,A,A,A,A,A,A,A,A,A,A,A,A,A,A,A,A,A,A,A,R,R,A,A
M,A,A,A,A,A,A,A,A,A,A,A,A,A,A,A,A,A,V,V,V,V,V,A,V,A,V,A,G,A,A,A,A,A,A,A,A,A,A,A,L,A,A,A,A,A,A,A,A,A,V,A,A,A,A,A,A,A,A,A,A,A,A,A,L,A,A,A,A,A,A,A,A,A,A,A,A,L,A,A,L,L,A,A,A,A,A,A,A,A,A,A,A,A,A,A,A,A,A,A,A,A,A,A,A,A,A,A,A,A,A,A,A,A,A,A,A,A,A,A,A,A,A,A,A,A,A,A,A,A,A,A,A,A,A,A,A,A,A,A,A,A,A,A,A,A,A,A,A,A,A,L,L,L,A,A,A,A,A,A,A,A,A,A,A,A,A,A,A,A,A,A,A,L,A,A,A,A,A,A,A,A,A,A,A,A,A,A,A,A,A,A,A,A,A,A,A,A,A,A,A,A,A,A,A,A,A,A,A,A,V,A,A,A,A,A,A,A,A,A,A,A,A,A,A,A,A,A,A,A,A,S,A,S,A,A,A,A,A,A,A,A,A,A,A,A,A,A,A,A,A,A,A,A,A,A,A,A,A,A,A,A,A,A,A
M,A,A,A,A,A,A,A,A,A,A,A,A,A,A,A,A,A,A,A,V,V,A,A,A,A,A,G,G,G,A,A,A,A,A,A,A,A,A,A,L,A,A,A,A,A,A,A,A,A,V,A,A,A,A,A,A,A,A,A,A,G,A,A,L,A,A,A,A,A,A,A,A,A,A,A,A,A,A,A,A,A,A,A,A,A,A,A,A,A,A,A,A,A,A,A,A,A,A,A,A,A,A,A,A,A,A,A,A,A,A,A,A,A,A,A,A,A,K,A,L,L,A,A,A,A,A,A,A,A,A,A,A,A,L,L,L,A,L,A,A,A,A,A,L,A,A,L,A,L,A,L,L,L,A,L,A,A,A,A,A,A,A,A,A,A,A,A,A,A,A,A,A,L,A,A,A,A,A,A,A,A,A,A,A,A,A,A,A,A,A,A,A,A,A,A,A,A,A,A,A,A,A,A,A,A,A,A,A,A,L,A,A,L,A,A,A,V,A,A,V,A,A,A,A,A,A,A,A,A,A,R,A,S,A,A,A,A,A,A,A,A,A,A,A,A,A,A,A,A,A,A,A,A,A,A,A,A,A,A,A,A,A,A,A
M,A,A,A,A,A,A,A,A,A,A,A,A,A,L,A,L,A,V,V,V,V,V,L,V,A,L,A,G,A,A,A,A,A,A,S,A,A,A,A,A,A,A,A,A,A,A,A,A,A,V,A,A,A,A,A,A,L,A,A,A,G,A,L,L,L,A,A,A,A,A,A,L,A,A,L,L,L,A,A,L,L,L,A,A,A,L,L,A,A,A,A,L,A,A,A,A,A,A,A,A,A,A,A,A,A,A,A,A,A,A,A,A,A,A,Q,A,K,K,A,L,L,A,L,A,A,A,A,L,A,A,A,A,A,L,L,L,A,L,A,A,A,L,A,A,A,A,L,A,A,A,L,L,A,A,A,A,A,A,A,A,A,A,A,A,A,A,A,A,L,A,A,A,L,A,A,A,A,A,A,A,A,A,A,A,A,A,A,A,A,A,A,A,A,A,A,A,A,A,A,A,A,A,A,A,A,A,A,A,A,A,A,A,A,A,A,A,A,A,A,A,A,A,A,A,A,A,A,A,A,A,A,A,A,A,A,A,A,A,A,A,A,A,A,A,A,A,A,A,A,A,A,A,A,A,A,A,A,A,A,A,A,A,A,A
M,A,A,L,L,A,A,L,A,L,L,A,A,A,A,G,G,A,A,A,V,V,S,S,S,S,S,G,G,G,S,S,S,S,S,S,A,A,A,A,A,A,A,A,A,A,A,A,A,A,L,A,A,A,A,A,A,L,L,A,A,A,A,L,L,L,L,L,L,L,L,L,L,L,L,L,L,L,L,L,L,L,L,A,A,L,L,L,A,A,A,V,V,A,A,A,A,A,A,A,A,A,A,A,A,A,A,A,A,A,A,A,A,A,A,S,A,S,K,A,L,L,A,A,A,A,L,K,L,L,T,L,T,T,L,L,T,A,A,A,A,A,A,T,A,A,A,L,A,A,A,A,L,A,A,A,A,A,A,A,A,A,M,M,M,A,M,M,A,L,A,Q,L,L,A,A,A,A,A,A,L,A,A,A,A,A,A,A,A,A,A,A,A,A,A,A,A,A,A,A,A,A,A,A,A,A,A,A,A,A,A,A,A,A,A,A,A,A,A,A,A,A,A,A,A,A,A,A,A,A,A,A,A,A,A,A,A,A,A,A,A,A,A,A,A,A,A,A,A,A,A,A,A,A,A,A,A,A,A,A,A,A,A,A,A
M,A,A,L,L,L,L,L,L,L,L,L,L,L,A,A,V,A,V,V,V,V,V,V,D,A,A,G,G,G,S,S,S,S,G,G,A,A,A,A,A,A,A,A,A,A,A,A,A,A,V,A,A,A,A,A,A,A,A,A,A,A,A,A,L,L,L,A,L,L,L,L,L,A,L,L,L,A,A,A,L,L,A,A,A,A,A,A,A,A,A,A,A,A,A,A,A,A,A,A,A,A,A,A,A,A,A,A,A,A,A,A,A,A,A,A,A,A,A,A,L,L,L,L,L,L,L,L,L,L,L,L,L,L,L,L,L,A,L,L,A,A,A,A,L,L,L,L,L,A,A,L,L,A,A,A,T,A,A,A,A,A,A,M,M,M,L,A,A,L,L,A,L,L,L,A,L,L,A,L,L,L,L,A,A,L,L,L,L,L,L,A,L,L,A,A,A,A,A,A,A,A,A,A,A,A,A,A,G,G,A,A,A,A,A,G,A,A,G,A,A,G,A,A,A,A,A,A,A,A,A,A,A,A,A,A,A,A,A,A,A,A,A,A,A,A,A,A,A,A,A,A,A,A,A,A,A,A,A,A,A,A,A,A,A
M,A,A,A,A,A,A,A,A,L,L,A,A,A,A,A,A,S,V,V,V,V,V,V,D,A,A,S,G,S,S,S,S,S,G,S,A,A,A,A,A,A,A,A,A,A,A,A,A,A,V,A,A,A,L,A,A,A,A,A,A,A,A,A,L,L,L,L,L,L,L,L,S,L,L,L,L,L,L,L,L,L,L,L,L,L,L,L,L,L,A,A,S,A,S,S,S,A,A,A,M,A,A,A,A,A,A,A,A,A,A,A,A,A,A,A,A,A,S,A,A,A,A,A,A,K,A,A,A,K,K,K,A,A,A,A,A,A,A,A,A,A,A,A,A,A,A,A,A,A,A,A,A,A,A,A,S,A,A,A,A,A,A,A,M,A,A,A,A,A,A,A,A,L,S,A,A,A,A,A,Q,A,A,A,A,L,L,L,L,L,L,A,L,L,A,A,A,S,A,T,T,A,S,T,T,A,A,S,G,T,G,A,S,A,A,A,A,A,A,A,A,S,A,A,A,A,A,A,A,A,A,A,A,A,A,A,A,A,A,A,A,A,A,A,A,A,A,A,A,A,A,A,A,A,A,A,A,A,A,A,A,A,A,A,R
M,A,A,A,A,A,A,A,A,A,A,A,A,A,A,N,A,S,S,V,V,V,V,S,D,N,D,N,G,A,S,S,S,S,S,S,A,A,A,A,A,A,A,S,A,A,A,A,A,A,V,A,A,L,L,L,A,K,A,A,A,G,K,A,L,A,A,A,L,L,L,L,S,T,L,L,L,L,A,A,L,L,L,A,A,G,L,L,L,L,A,A,S,A,S,A,A,A,A,A,M,A,A,A,A,S,A,A,A,A,A,A,A,A,A,A,A,S,S,A,A,A,A,A,A,A,M,A,A,K,K,A,K,A,A,A,T,A,N,T,T,T,T,T,T,N,A,A,A,A,A,A,A,A,A,A,N,A,A,A,A,A,A,A,M,N,R,A,R,R,R,Q,L,L,T,A,A,T,T,T,L,L,L,T,T,M,L,A,A,T,L,A,T,G,A,A,A,A,A,T,T,A,A,T,T,A,A,A,A,A,A,A,A,A,A,A,A,A,A,A,S,S,S,S,S,S,A,A,A,A,A,A,A,A,A,A,A,S,A,S,A,A,A,A,A,A,A,A,A,A,A,A,A,A,A,A,A,A,A,A,R,A,A,A,R
M,Q,Q,Q,Q,Q,A,L,A,A,Q,Q,Q,A,S,N,A,R,Y,V,V,V,V,Q,D,N,D,G,G,T,V,S,S,S,S,N,A,A,A,A,A,A,A,S,S,A,A,A,A,L,V,A,A,L,L,A,A,A,L,A,A,G,A,A,L,A,A,A,L,L,L,L,S,L,L,L,L,L,L,L,L,L,L,A,L,L,L,L,L,A,N,L,S,N,S,A,L,A,A,A,M,A,S,A,A,A,A,A,A,A,A,A,A,A,A,A,A,S,S,A,A,A,T,A,A,K,M,A,A,K,G,A,T,T,T,T,T,T,T,T,T,T,T,T,T,A,T,A,A,A,A,A,A,A,A,A,T,A,A,M,Y,A,A,A,A,N,N,V,A,A,A,Q,R,L,S,A,A,T,T,A,T,L,L,A,A,M,A,A,L,L,L,A,T,L,L,L,S,S,L,T,G,G,G,G,L,G,L,L,G,A,G,A,A,A,A,A,A,A,A,A,A,A,A,S,S,A,A,A,A,R,R,A,T,A,A,A,S,S,A,S,A,A,A,A,A,A,A,T,S,A,T,A,A,L,V,V,A,A,V,A,R,A,T,A,R
M,S,Q,L,Q,A,S,S,A,A,S,S,A,A,S,G,A,D,V,V,I,V,V,Q,D,L,N,N,G,T,S,S,S,S,Q,N,A,A,A,A,A,A,S,S,S,T,T,S,A,L,V,A,A,L,L,A,A,A,A,A,A,G,A,A,T,T,T,T,T,T,L,L,T,T,L,L,L,L,A,A,L,L,L,A,L,L,L,L,L,L,N,L,S,A,N,A,L,A,A,A,M,A,A,A,A,A,A,A,A,A,A,A,A,A,A,A,A,T,S,A,A,A,M,A,A,A,M,A,A,K,G,G,T,T,T,T,T,T,T,T,T,T,T,T,T,A,A,A,A,A,A,A,A,T,A,T,T,A,A,A,A,A,A,A,A,A,A,A,A,A,A,Q,Q,L,S,A,A,T,Q,A,T,L,A,A,A,M,A,A,A,A,A,A,R,R,R,R,R,R,R,R,P,N,R,L,L,L,L,L,L,L,G,G,A,A,A,A,A,A,A,A,A,A,A,A,A,A,A,A,A,R,R,V,T,V,A,A,S,S,A,S,A,A,S,A,A,A,A,A,A,A,A,V,A,V,M,M,M,V,V,M,A,A,R,Q,R
M,S,Q,Q,Q,Q,Q,L,Q,A,A,A,A,A,A,G,A,A,A,V,V,Y,L,Y,D,L,A,T,G,G,L,V,V,Q,Q,G,Q,A,A,S,A,A,A,S,S,T,L,A,L,L,V,L,V,L,L,F,A,A,A,A,A,G,A,L,T,A,S,T,T,T,V,T,T,T,L,L,L,L,A,L,L,L,L,L,L,L,L,L,L,L,N,T,S,L,T,T,L,L,T,A,M,M,S,A,A,S,A,A,A,A,T,A,A,A,A,T,N,T,T,A,A,A,M,A,A,T,M,N,A,T,G,T,T,T,T,T,T,T,T,T,T,T,T,T,T,A,T,T,T,T,A,A,A,N,A,T,T,A,A,A,Y,A,A,A,A,A,A,M,M,A,A,Q,L,L,S,A,A,Q,A,A,T,L,A,A,Y,M,A,A,N,Y,L,L,L,L,L,L,N,L,R,R,P,N,R,W,R,R,R,L,G,G,G,G,G,G,A,A,A,A,A,A,A,A,A,A,A,R,A,A,G,R,R,A,A,A,A,A,A,S,A,S,S,A,S,S,A,A,A,A,A,A,A,V,A,A,V,A,A,V,V,V,A,A,M,A,R
M,S,L,L,L,Q,A,L,Q,A,A,S,A,A,S,G,A,A,Y,A,Y,Y,L,Y,D,L,D,N,G,Q,V,V,V,Q,N,N,N,A,A,S,A,A,S,S,S,T,T,K,A,L,L,M,A,L,L,F,A,A,A,A,A,G,A,L,V,S,S,S,S,V,V,Y,S,D,D,D,L,L,D,D,L,L,L,A,M,M,L,L,N,H,N,L,S,N,D,Q,L,M,A,A,M,M,S,S,S,S,S,A,A,A,T,M,L,L,A,T,T,T,S,A,A,M,M,M,A,T,M,N,S,L,G,L,T,T,T,T,T,T,T,T,T,T,G,G,A,T,T,T,T,G,G,G,S,N,S,A,S,A,A,M,M,A,A,M,M,A,M,Y,M,A,M,Y,L,L,S,A,A,Q,A,A,T,M,M,A,M,M,A,A,N,L,L,L,N,L,L,L,N,R,R,R,P,R,R,R,R,R,R,R,R,G,G,G,G,G,A,A,A,A,A,A,A,G,A,A,A,R,A,A,G,R,R,A,A,A,A,M,M,S,S,S,A,A,S,S,S,A,A,A,S,S,A,M,S,A,M,A,A,M,M,M,A,A,M,Q,R
M,S,L,L,L,L,L,L,Q,A,A,S,A,A,S,G,A,A,I,A,V,V,L,L,D,Y,D,S,G,Q,V,V,V,Q,Q,N,Q,A,A,A,A,A,A,A,S,T,L,K,A,L,V,A,A,A,L,A,A,A,Y,A,A,G,H,L,T,S,D,D,T,V,V,Y,D,D,D,D,L,L,N,N,L,L,L,L,N,N,L,S,N,N,H,L,T,N,N,Q,L,L,A,A,M,M,S,S,S,S,N,A,A,A,T,V,L,L,T,T,T,T,S,A,T,T,M,T,A,T,M,T,T,L,G,L,T,T,T,T,T,T,T,T,P,P,T,A,T,T,T,T,S,N,Y,Y,S,N,A,T,S,A,A,A,M,A,A,M,M,A,Y,Y,M,A,G,H,A,A,S,A,A,A,A,A,A,M,M,A,W,M,A,S,N,A,L,S,A,A,A,A,R,R,A,P,P,A,R,R,R,R,R,A,K,G,G,G,G,G,A,A,L,A,A,A,A,G,A,A,A,A,A,G,G,R,R,T,T,A,A,I,V,I,S,S,A,A,S,S,A,A,A,A,S,A,A,A,A,A,M,S,A,A,A,A,A,A,T,A,R
M,Q,L,L,Q,Q,E,L,Q,D,E,S,S,S,S,G,A,A,V,A,V,A,V,A,S,Y,D,T,G,Q,L,V,Y,V,Q,N,N,A,A,A,F,A,A,A,S,T,M,K,L,L,L,A,A,A,L,L,Q,Q,Q,Q,A,G,Q,L,T,L,T,T,T,V,T,Y,S,D,D,D,D,S,N,N,S,S,S,S,N,L,N,L,N,T,T,L,T,N,N,Q,L,L,A,A,M,M,S,S,S,S,N,A,A,A,N,T,V,I,T,T,T,T,S,A,A,T,I,T,A,T,M,N,A,L,G,L,T,T,T,T,T,T,T,T,T,S,T,T,T,T,T,T,A,A,A,A,S,N,A,A,S,A,A,A,M,A,A,M,L,A,A,M,M,A,G,H,L,L,S,A,A,A,A,Q,A,M,M,A,W,M,A,S,N,Q,L,S,G,G,A,A,R,L,A,L,P,A,A,R,V,A,A,A,K,A,G,A,A,A,A,A,A,A,A,A,A,G,A,A,R,N,N,G,G,R,R,V,T,L,A,I,M,I,N,G,G,G,S,S,A,A,A,R,R,R,A,M,A,A,V,S,A,T,V,V,A,A,L,L,R
M,Q,A,L,Q,Q,Q,L,Q,A,E,Q,Q,A,S,G,G,A,I,A,V,A,V,L,D,A,A,T,G,Q,Q,V,Y,E,Y,N,E,E,Y,V,F,A,A,A,S,T,I,K,L,L,V,A,A,A,V,F,A,R,Q,E,K,G,K,L,L,L,T,T,T,V,T,F,S,D,D,D,D,S,N,S,S,S,L,L,G,L,L,S,N,T,S,L,T,I,Q,Q,L,L,A,A,M,M,S,S,S,S,N,A,A,T,N,L,L,I,T,T,T,G,T,A,A,A,I,T,A,T,M,K,A,L,G,L,T,T,T,T,T,T,T,T,T,G,E,A,A,A,N,S,S,G,D,Y,S,N,A,T,T,P,A,A,M,A,A,M,L,A,A,M,M,F,G,H,L,L,S,A,E,V,A,Q,Q,M,M,Q,W,M,A,A,N,T,T,T,G,G,L,L,R,A,A,L,P,A,A,V,V,V,G,A,K,A,G,T,G,G,G,G,G,N,N,L,T,G,L,I,L,S,A,G,G,R,P,V,T,L,A,I,F,I,N,G,S,G,S,S,L,A,A,V,E,A,L,M,E,A,V,T,A,A,V,Y,A,A,L,L,R
M,S,A,L,Q,A,Q,L,Q,A,L,E,Q,A,S,G,G,A,I,G,V,A,A,A,D,L,A,T,G,Q,Q,L,Y,E,Y,N,A,D,Q,A,F,P,A,A,S,T,T,K,L,L,L,L,A,A,V,L,A,R,Q,Q,Q,G,Q,L,T,L,T,T,R,V,S,Y,S,D,D,D,L,S,S,S,S,L,L,L,E,L,L,T,N,T,T,L,T,L,L,E,L,L,A,L,M,M,V,S,S,S,N,T,A,T,N,L,L,L,A,V,L,G,G,T,A,A,I,T,A,T,M,R,E,L,G,L,T,T,T,T,L,T,T,T,K,V,V,L,V,V,N,V,A,G,D,P,S,N,T,T,S,A,A,A,M,A,A,L,L,R,A,I,H,A,G,K,L,L,S,A,A,T,A,Q,Q,M,L,Q,W,M,Q,A,N,T,T,S,G,G,L,L,R,G,A,L,P,A,E,W,T,V,A,A,K,T,G,T,L,G,G,G,L,N,N,V,T,G,V,V,T,T,A,G,G,Q,P,V,V,L,A,I,F,I,N,G,S,G,S,S,A,A,E,R,E,E,A,I,E,A,I,T,A,A,V,Y,A,Y,L,S,R
M,S,A,L,A,A,A,I,Q,A,L,E,Q,A,S,G,G,R,I,G,V,A,V,A,D,L,D,T,G,Q,Q,Q,W,E,Y,N,A,D,Q,V,Q,P,A,A,S,T,T,K,A,A,V,V,A,A,V,F,Q,R,V,E,Q,G,Q,L,D,L,S,R,T,V,T,V,S,E,D,D,L,L,S,S,S,P,L,T,A,L,H,A,N,V,G,M,S,V,W,E,L,A,Q,A,M,M,T,T,S,D,N,T,A,T,N,L,L,M,E,V,L,G,G,P,A,A,V,N,A,T,A,R,E,L,G,D,T,T,T,R,L,R,R,T,E,P,E,L,N,N,N,N,P,G,D,G,D,D,T,T,T,P,R,A,M,A,A,L,L,Q,V,L,A,F,G,K,V,L,S,A,A,A,A,Q,L,M,M,D,W,M,V,A,N,Q,T,G,G,G,L,I,R,G,G,L,P,A,D,W,W,V,A,D,K,S,G,S,G,W,G,G,G,H,N,D,S,G,V,I,W,T,A,G,G,Q,P,Y,V,L,A,V,F,A,H,G,S,K,S,S,A,A,A,R,E,Q,A,I,A,A,V,S,A,A,V,Y,A,Y,W,L,R
M,S,A,L,Q,A,A,L,E,A,L,E,A,A,S,G,G,R,I,G,V,A,V,I,D,L,T,T,G,Q,T,L,W,E,H,N,A,D,E,P,F,P,A,A,S,T,F,K,A,L,L,V,A,A,V,F,A,R,A,D,R,G,Q,L,D,L,D,R,R,V,V,V,T,A,S,D,L,V,D,Y,S,P,V,T,A,A,H,V,G,G,G,M,T,V,T,D,L,A,Q,A,M,I,T,V,S,D,N,T,A,T,N,L,L,L,A,T,I,G,G,P,A,A,V,N,A,F,A,R,A,L,G,D,D,N,T,R,L,R,R,S,E,P,E,L,N,S,N,V,P,G,D,A,T,D,T,T,S,A,A,A,M,A,A,T,L,R,A,L,V,L,G,S,L,L,S,A,A,S,S,Q,Q,M,L,D,W,M,V,A,N,T,T,G,S,T,L,I,R,A,A,L,P,E,E,W,T,V,A,D,K,T,G,S,G,E,G,G,S,R,N,D,S,G,A,F,W,N,A,G,G,P,P,Y,A,L,S,V,F,V,T,S,S,D,N,S,I,E,A,R,D,E,A,I,A,D,I,A,A,A,L,A,A,A,L,R,R
M,A,A,L,A,A,A,L,R,A,L,E,A,A,F,G,G,R,L,G,V,A,V,L,D,L,A,T,G,Q,T,L,W,A,H,N,A,D,Q,R,F,P,M,A,S,T,F,K,A,L,L,C,A,A,V,F,A,R,V,D,A,G,Q,E,D,L,D,R,R,V,A,Y,T,A,S,D,L,V,P,Y,S,P,V,T,E,K,H,L,G,T,G,M,T,V,A,D,L,C,E,A,M,I,T,Q,S,D,N,T,A,T,N,L,L,M,D,T,M,G,G,P,A,A,F,T,E,F,A,R,A,L,G,D,T,V,T,R,L,D,R,K,E,P,E,L,N,E,A,K,P,G,D,A,R,D,T,T,S,P,A,A,M,A,A,T,L,Q,A,L,V,L,G,Q,V,L,S,A,A,S,Q,Q,Q,M,L,D,W,M,R,A,N,Q,T,G,S,S,L,I,R,A,G,L,P,A,G,W,T,V,G,D,K,T,G,T,T,E,Y,G,S,R,N,D,A,A,A,L,W,N,G,G,G,A,P,Y,V,L,V,V,F,T,T,Q,S,Q,A,S,M,A,A,Q,E,A,A,I,A,A,I,A,R,A,V,V,A,A,L,R,R
M,A,A,L,V,A,A,L,R,A,L,E,Q,G,F,G,G,R,L,G,V,V,V,I,D,L,A,T,G,E,T,L,L,S,H,N,A,D,E,R,F,P,M,M,S,T,F,K,A,L,I,C,A,A,V,L,A,R,V,D,R,G,Q,E,D,L,D,R,R,I,T,Y,T,Q,S,D,L,V,P,Y,S,P,V,T,E,K,H,V,G,T,G,M,T,V,A,E,L,C,E,A,M,I,T,Q,S,D,N,T,A,T,N,L,L,L,D,T,L,G,G,P,A,G,F,T,A,F,M,R,S,Q,G,D,T,V,F,R,L,D,R,Y,E,P,E,L,N,T,A,I,P,G,D,E,R,D,T,T,T,P,A,A,M,A,A,T,L,R,A,L,V,L,G,D,A,L,S,A,A,S,Q,Q,Q,L,R,D,W,M,K,A,N,K,T,A,G,P,L,I,R,S,G,L,P,A,G,W,R,V,G,D,K,T,G,T,G,G,Y,G,S,R,N,L,V,A,V,L,W,P,P,G,G,P,P,V,V,L,A,I,Y,T,T,D,T,Q,L,S,M,A,E,R,N,A,A,I,A,A,I,G,R,A,L,V,A,A,L,Q,R
M,A,A,L,A,A,A,L,A,A,L,E,Q,A,L,G,G,R,L,G,V,V,V,L,D,A,A,S,G,E,T,L,A,A,Y,R,A,D,E,R,F,P,M,A,S,T,F,K,A,L,L,C,A,A,V,L,A,R,V,D,R,G,Q,E,R,L,D,R,R,L,F,Y,R,R,A,D,L,L,A,Y,A,P,V,T,E,K,H,V,A,T,G,M,T,V,A,E,L,C,A,A,T,Q,T,L,S,D,N,T,A,A,N,L,L,L,A,T,L,G,G,P,A,G,L,T,R,Y,L,R,S,L,G,D,D,V,T,R,L,D,R,W,E,P,E,L,N,E,A,I,P,G,D,E,R,D,T,T,T,P,A,A,M,A,A,T,L,R,K,L,L,L,G,D,A,L,S,A,A,S,R,Q,Q,L,R,D,W,M,R,D,D,K,V,A,G,P,L,L,R,S,A,L,P,A,G,W,R,I,G,D,R,S,G,A,G,D,R,G,S,R,G,I,V,A,V,L,R,P,P,G,G,P,P,R,L,V,A,I,Y,V,T,D,T,Q,A,S,M,D,E,R,D,A,A,I,A,A,I,G,R,A,L,V,A,A,W,Q,R
