Y,Y,Y,Y,Y,Y,Y,Y,Y,Y,Y,Y,Y,Y,Y,Y,Y,Y,Y,Y,Y,Y,Y,Y,Y,Y,Y,Y,Y,Y,Y,Y,Y,Y,Y,Y,Y,Y,Y,Y,Y,Y,Y,Y,Y,Y,Y,Y,Y,Y,Y,Y,Y,Y,Y,Y,Y,Y,Y,Y,Y,Y,Y,Y,Y,Y,Y,Y,Y,Y,Y,Y,Y,Y,Y,Y,Y,Y,Y,Y,Y,Y,Y,Y,Y,Y,Y,Y,Y,Y,Y,Y,Y,Y,Y,Y,Y,Y,Y,Y,Y,Y,Y,Y,Y,Y,Y,Y,Y,Y,Y,Y,Y,Y,Y,Y,Y,Y,Y,Y,Y,Y,Y,Y,Y,Y,Y,Y,Y,Y,Y,Y,Y,Y,Y,Y,Y,Y,Y,Y,Y,Y,Y,Y,Y,Y,Y,Y,Y,Y,Y,Y,Y,Y,Y,Y,Y,Y,Y,Y,Y,Y,Y,Y,Y,Y,Y,Y,Y,Y,Y,Y,Y,Y,Y,Y,Y,Y,Y,Y,Y,Y,Y,Y,Y,Y,Y,Y,Y,Y,Y,Y,Y,Y,Y,Y,Y,Y,Y,Y,Y,Y,Y,Y,Y,Y,Y,Y,Y,Y,Y,Y,Y,Y,Y,Y,Y,Y,Y,Y,Y,Y,Y,Y,Y,Y,Y,Y,Y,Y,Y,Y,Y,Y,Y,Y
H,H,H,H,L,Y,H,F,H,L,Y,L,Y,H,H,H,H,H,Y,L,L,Q,L,L,L,L,Q,L,H,L,H,H,H,H,H,T,L,Y,L,F,F,H,H,L,H,L,L,T,H,Q,T,L,H,L,H,H,H,L,L,L,Y,Y,F,L,H,H,L,H,L,F,L,L,L,L,H,L,T,L,L,H,H,L,H,H,H,L,L,H,L,H,H,H,L,L,L,L,Y,H,H,H,H,L,L,L,L,L,L,Y,L,F,Y,H,F,F,L,Y,Y,L,H,H,H,Y,Y,Y,Y,L,Y,Y,L,Y,L,Y,Y,Q,L,Y,Y,Y,F,Y,L,Y,Y,Y,Y,Y,Y,Y,Y,L,L,H,H,Y,L,Y,Y,Y,L,L,N,H,H,L,L,H,L,Y,L,H,H,Y,Y,H,N,Y,Y,Y,L,Q,H,Y,Y,H,L,N,H,L,Y,Y,H,H,Y,H,L,Y,Y,L,L,Y,Y,H,Y,H,Y,L,Y,H,Y,H,Y,L,Y,H,L,H,H,H,Y,L,H,H,H,Y,Y,H,H,H,H,Y,H,H,Y,Y,H,H
H,T,L,T,L,L,T,L,L,L,L,L,T,L,L,Q,L,L,L,L,L,Q,L,L,L,L,L,L,L,L,A,L,H,H,L,H,L,Y,L,L,L,H,Y,L,L,L,L,T,Y,A,L,L,L,L,L,L,L,L,L,T,Y,Y,Y,V,A,H,L,Q,L,L,L,H,L,L,L,L,L,L,A,A,D,T,T,L,H,L,L,L,A,T,T,L,L,L,L,A,Y,L,Y,L,Q,L,L,L,L,L,L,L,Y,L,Y,T,L,Y,Y,Y,L,L,L,L,L,L,L,H,L,L,L,L,L,L,L,L,Y,L,L,L,Y,Y,L,L,L,L,L,L,L,L,L,L,Y,L,L,Y,H,Y,L,L,L,S,L,L,L,T,L,Y,L,L,L,Y,L,Y,Y,Y,L,L,Y,L,Y,Y,Y,Y,T,Y,Y,Y,L,L,Y,L,L,Y,Y,Y,L,H,L,Y,L,L,L,Y,L,Y,Y,L,Y,L,H,L,H,H,Y,L,L,L,L,L,L,L,L,L,H,H,Y,L,Y,T,Q,L,H,H,H,H,Q,Q,Q,Q
M,H,Y,T,Y,C,Y,Y,Y,L,L,L,T,Y,Y,H,L,L,L,L,L,Q,L,Q,T,V,L,L,L,T,A,T,H,H,Y,T,L,Y,L,Y,Y,H,Y,Y,L,Y,T,T,H,A,L,T,Y,H,T,T,V,Y,Y,T,Y,Y,Y,Y,T,Y,C,Q,L,L,L,H,L,L,L,Y,L,L,Q,T,Q,T,N,Q,T,Y,Y,C,T,T,S,L,T,L,L,T,Y,Y,Y,L,Q,L,L,L,L,T,T,Y,Y,L,Y,Y,L,L,T,Y,T,T,L,T,Y,L,L,H,L,L,Y,L,V,Y,Y,L,Y,C,L,T,Y,Y,L,W,L,L,L,L,V,V,L,L,Y,Y,L,Y,T,Y,A,L,Y,S,L,T,Y,T,Y,Y,L,L,L,Y,L,Y,Y,Y,L,L,Y,T,Y,Y,Y,L,T,Y,T,Y,L,Y,W,L,L,Y,Y,Y,Y,Q,L,Y,C,L,L,Y,L,C,Y,V,Y,L,Q,T,T,T,C,T,L,L,T,L,L,L,L,L,S,E,H,E,Y,E,Q,H,H,H,H,H,H,Q,Q,Q
H,H,H,L,Y,H,Y,Y,Y,T,Y,L,T,T,Y,H,L,L,L,L,W,Q,L,T,T,T,L,T,L,T,A,H,D,H,D,T,L,Y,T,F,T,T,T,Y,L,Y,V,T,H,A,L,V,L,V,T,T,V,T,Y,T,Y,Y,Y,A,A,Y,Y,H,F,T,L,T,T,V,L,Y,C,L,H,A,C,H,N,V,T,A,T,C,A,T,A,L,L,N,L,V,L,A,A,L,D,L,L,L,L,L,T,F,Y,F,L,L,F,F,T,Y,T,T,V,T,H,L,L,H,L,A,C,L,Y,V,Y,L,L,L,L,T,L,L,L,L,L,V,L,L,V,H,L,L,L,L,L,H,Y,Y,L,V,Y,S,W,T,Y,T,Y,Y,L,Y,H,Y,L,Y,Y,Y,L,L,L,L,Y,T,Y,L,N,Y,L,Y,L,V,W,Y,L,Y,Y,V,L,G,L,Y,C,L,T,Y,L,Y,Y,V,Y,T,Y,T,H,H,C,S,L,N,S,T,S,L,L,L,S,H,N,E,Y,T,Q,H,S,H,H,H,H,Q,Q,H
M,H,Y,Y,Y,Y,Y,Y,Y,D,Y,Y,T,T,Y,D,L,Y,L,W,W,Q,F,Q,T,T,N,T,T,T,T,T,D,H,D,T,L,T,T,Y,T,T,T,Y,L,Y,V,V,R,V,L,T,T,V,T,T,V,T,Y,T,V,T,Y,A,T,Y,Y,H,T,T,T,T,T,V,L,Y,N,L,N,A,S,T,D,L,T,A,V,V,V,T,A,L,T,A,L,L,V,A,A,L,E,F,A,L,L,L,T,F,Y,F,F,Y,F,F,T,Y,V,T,V,T,Y,L,L,L,L,L,G,L,V,V,Y,L,Y,Y,Y,T,Y,Y,L,W,L,F,W,V,F,V,L,L,L,Y,L,Y,T,Y,L,T,Y,A,T,F,Y,T,Y,F,S,Y,W,Y,L,Y,Y,Y,Y,L,Y,V,Y,Y,Y,Y,N,Y,Y,Y,L,Y,W,Y,L,Y,Y,Y,Y,Y,Y,Y,Y,Y,S,Y,L,Y,Y,G,W,Y,Y,Y,S,Y,N,Y,L,N,S,T,S,V,L,F,S,S,N,Y,S,T,Q,Y,S,H,H,Q,H,Q,Q,Q
M,H,Y,Y,Y,Y,Y,Y,T,T,T,Y,T,S,Y,Q,L,Y,L,H,W,L,L,Y,T,T,L,T,T,T,T,T,D,Y,Y,Y,E,W,T,Y,T,T,Y,Y,V,Y,V,V,Y,T,L,T,T,V,T,T,V,T,T,T,Y,T,Y,Y,Y,Y,Y,Y,F,Y,L,T,V,V,L,Y,C,L,N,S,Y,T,S,L,N,D,V,T,V,T,V,L,L,T,L,L,L,F,F,L,S,F,T,L,L,V,T,F,Y,F,F,T,F,F,T,Y,T,T,V,T,Y,L,L,L,L,L,T,V,T,V,F,L,L,Y,T,T,T,T,T,V,T,F,T,V,V,V,T,S,L,Y,L,T,T,C,L,T,T,W,T,T,T,T,T,Y,S,Y,W,Y,L,Y,Y,Y,T,L,Y,T,Y,Y,Y,T,N,Y,Y,Y,L,Y,T,Y,L,Y,Y,Y,Y,Y,Y,Y,Y,Y,T,Y,L,Y,Y,Y,Y,Y,Y,Y,Y,Y,N,N,T,N,S,T,S,L,N,Y,S,S,N,V,S,S,Q,Y,S,H,H,H,H,H,H,H
M,K,T,D,K,H,T,Y,T,L,L,L,T,T,S,Q,L,L,L,H,L,S,L,S,T,T,N,T,T,T,D,H,D,H,H,H,E,D,D,Y,T,T,T,Y,V,Y,T,T,H,T,L,V,Y,V,T,T,V,V,S,V,Y,D,S,S,S,Q,N,Q,F,S,L,T,V,V,L,Y,C,S,S,S,S,S,S,L,N,D,V,T,V,T,D,L,L,D,L,L,L,D,N,L,N,L,N,T,L,S,T,S,T,S,T,T,F,F,T,S,T,T,T,T,H,T,L,S,T,S,S,V,S,A,S,T,H,Y,T,T,T,S,T,L,T,S,T,V,V,V,T,S,L,D,T,T,T,T,T,T,N,D,T,A,T,T,Y,Y,S,Y,H,F,L,Q,Y,Y,L,L,Y,F,Y,Y,L,F,N,Y,Y,L,L,Y,T,L,L,Y,Y,L,L,N,Y,Y,N,S,S,L,Y,Y,Y,L,Y,L,D,Y,S,Y,N,N,N,N,S,T,S,V,N,S,S,S,N,S,S,K,K,S,H,H,H,H,H,H,H,H
M,K,T,D,K,H,D,L,L,L,L,L,S,L,L,K,L,L,L,R,L,W,L,T,T,L,N,L,L,T,T,T,L,L,D,D,D,D,D,N,N,T,T,L,L,Q,A,T,R,A,L,H,Q,H,S,D,V,L,L,Q,Y,Q,S,S,S,Q,L,H,N,N,L,H,S,L,L,L,N,L,S,S,S,S,S,L,N,D,N,H,S,D,N,L,L,D,L,C,L,D,N,L,N,L,N,L,L,L,N,L,L,S,L,Q,L,L,Q,Q,T,Q,L,R,Q,L,L,L,L,L,S,L,L,S,L,L,R,Q,L,D,T,S,N,L,L,S,L,L,L,Q,L,Q,Q,L,L,L,L,C,L,T,L,Q,T,A,L,Q,L,H,S,H,H,H,Q,Q,H,L,L,L,L,L,Y,F,L,L,L,Y,Y,L,L,H,L,L,L,L,N,L,L,N,L,Q,N,N,L,N,L,Y,Y,H,H,L,H,L,L,C,N,L,N,N,N,L,S,L,S,L,S,S,Q,Q,S,N,H,H,S,H,H,H,H,H,H,H
H,H,A,H,L,H,H,L,L,L,L,L,S,A,G,N,L,L,L,H,L,C,L,A,S,G,S,A,L,L,H,H,H,H,H,H,L,H,H,S,Y,L,L,Y,L,L,A,Y,R,R,R,S,R,H,S,S,L,L,L,L,A,R,R,Y,A,Q,H,H,L,H,L,S,L,A,L,L,H,L,S,L,S,S,S,A,H,A,A,H,A,H,H,L,L,A,L,C,L,R,H,L,R,L,L,L,H,L,H,H,A,H,L,L,H,L,H,H,L,R,L,R,L,L,L,H,L,L,L,L,L,A,L,L,R,H,H,L,Y,H,H,H,A,A,R,L,L,H,R,H,H,R,H,H,H,C,L,H,H,G,R,G,T,K,A,Y,L,H,H,H,H,A,H,L,L,L,H,Y,Y,H,H,R,R,Y,L,L,L,H,L,L,L,A,H,L,L,N,L,H,H,H,A,L,L,H,L,H,L,L,R,A,R,K,H,R,L,N,L,L,A,L,L,L,A,A,H,L,S,N,H,S,S,H,H,H,H,H,H,H
R,R,R,R,L,R,R,L,S,S,N,S,N,S,N,K,L,H,S,R,S,C,H,S,H,S,N,T,L,T,N,H,H,H,H,H,H,H,H,N,Y,L,K,H,L,V,R,R,R,R,R,K,D,L,S,R,R,L,L,L,L,L,R,D,K,D,H,H,S,L,L,L,L,L,L,L,N,L,D,S,S,S,D,L,N,L,L,S,S,D,K,S,N,Y,H,C,L,R,H,L,H,L,L,L,H,S,S,L,L,R,R,R,R,V,S,V,V,R,N,R,S,S,V,S,S,S,S,L,L,A,K,K,K,S,S,K,R,S,S,G,S,S,T,V,L,H,R,S,R,S,S,R,S,C,S,S,S,S,S,S,L,N,A,H,S,Y,A,Y,H,A,A,A,L,A,R,A,R,R,R,R,S,R,S,S,S,S,S,S,S,S,N,R,S,S,S,S,S,S,S,N,A,N,N,N,N,N,N,N,A,C,N,S,S,N,S,S,S,V,N,A,A,A,N,A,S,N,N,S,S,S,H,H,H,H,H,H
M,L,L,L,L,L,L,L,S,L,L,L,L,L,G,S,L,L,L,L,S,C,L,S,S,S,S,S,L,S,A,S,S,L,S,W,L,L,S,S,S,L,S,L,L,S,L,L,S,S,L,S,S,V,S,S,V,L,L,L,L,S,S,L,A,S,S,S,S,S,L,S,S,L,L,S,S,S,S,L,L,S,L,S,S,L,L,S,S,S,S,S,S,H,L,C,S,S,S,S,S,V,S,S,S,S,S,S,S,S,L,S,S,V,S,S,S,S,S,S,S,S,S,S,S,S,S,L,L,A,L,S,L,L,L,L,L,L,L,L,L,L,L,V,L,S,S,S,S,L,L,L,L,C,S,S,S,S,L,S,L,S,S,L,S,L,L,L,L,S,A,A,A,A,S,S,S,S,S,S,S,S,S,S,S,S,S,S,S,S,S,L,S,S,S,L,S,L,S,L,S,S,S,S,S,S,S,S,S,C,S,S,S,S,S,S,S,A,S,L,L,L,L,L,L,V,L,S,S,S,S,H,H,H,H,S
M,V,V,V,V,V,V,V,S,V,R,S,V,S,G,G,S,V,S,L,S,C,A,S,S,S,V,A,S,A,A,S,R,L,N,W,N,N,N,N,N,S,A,V,V,V,V,V,S,R,R,V,S,V,A,S,V,V,S,A,L,A,S,A,A,S,V,S,S,V,V,A,A,L,A,S,S,S,S,S,S,S,L,S,S,V,S,S,S,D,D,S,S,S,L,C,S,S,S,S,S,V,L,A,R,S,V,S,S,V,L,S,S,V,S,V,V,L,A,S,L,L,V,L,V,L,L,L,V,L,L,A,L,V,V,V,S,L,V,V,V,L,L,V,L,S,S,S,S,L,V,L,S,C,S,S,S,S,I,A,A,A,A,A,A,L,A,L,L,A,A,A,A,A,S,A,S,S,S,S,S,S,S,S,S,S,A,G,N,S,S,S,S,S,S,S,S,L,S,V,L,S,A,S,A,V,S,S,A,C,A,S,A,S,V,V,V,V,S,A,A,A,A,L,V,A,S,S,S,S,S,S,S,S,S,S
M,V,V,V,S,V,S,S,S,V,L,V,V,S,G,S,S,L,S,L,L,C,A,S,S,A,I,V,S,S,A,S,R,L,W,W,N,Y,S,S,A,A,A,V,V,V,V,V,S,S,S,T,S,A,S,S,A,S,S,S,A,S,S,S,A,S,S,L,S,L,S,S,S,S,S,S,S,S,S,S,L,S,L,S,S,S,S,S,S,D,D,A,S,Y,Y,C,L,S,S,A,A,A,S,S,R,S,S,S,S,S,S,S,S,S,S,S,S,S,S,A,S,A,L,S,S,S,S,L,L,L,S,S,L,S,V,V,S,S,S,V,V,S,S,L,L,S,S,S,S,L,L,L,L,C,L,V,T,S,I,S,S,A,A,A,S,L,A,L,L,A,A,S,S,S,S,S,S,S,S,S,S,S,S,S,S,S,S,S,S,S,S,S,S,S,S,S,S,S,S,S,S,S,S,S,A,S,A,A,A,C,A,S,A,S,S,S,A,A,S,A,A,A,A,A,A,A,S,S,S,S,S,S,S,S,S,S
M,V,V,V,S,A,S,P,G,V,V,V,V,S,G,S,S,L,T,L,S,C,A,T,A,A,L,L,S,A,A,A,R,R,W,W,N,R,S,R,N,R,N,V,Y,Y,A,S,S,S,S,T,S,S,S,S,A,S,N,S,S,S,S,S,A,S,S,Y,S,V,L,S,S,A,S,S,S,S,S,S,L,A,A,S,S,A,S,S,S,A,A,A,S,Y,L,C,A,S,S,L,A,A,S,A,S,S,S,S,S,S,S,S,S,S,S,S,S,S,S,S,S,S,V,S,S,S,S,L,L,S,S,S,L,S,V,L,S,S,S,S,S,L,L,L,L,S,S,S,S,T,S,L,L,C,S,T,S,N,I,H,S,A,A,A,S,W,H,W,S,N,S,S,S,S,S,S,S,S,S,S,S,S,S,S,S,S,S,G,S,S,S,S,S,S,S,L,S,S,S,S,S,S,S,S,S,S,S,A,S,C,A,S,S,S,S,S,S,A,S,A,S,A,S,S,S,A,S,S,S,H,H,H,H,H,H,S
M,V,V,V,S,V,S,S,V,V,L,V,S,S,G,Q,T,L,T,L,S,C,L,T,L,S,L,L,S,A,S,A,R,R,R,W,W,R,S,R,S,S,L,V,L,Y,V,S,S,S,S,S,S,A,S,S,D,S,N,G,S,S,S,A,G,S,S,Y,S,L,L,Y,Y,S,S,S,S,S,S,S,L,L,L,A,A,L,L,S,S,G,A,G,V,Y,L,C,L,S,L,I,L,V,S,S,S,S,S,S,S,S,R,S,L,S,S,S,S,S,S,S,S,S,V,L,L,S,S,L,L,L,L,K,L,S,I,V,S,S,S,S,S,L,L,L,L,S,S,S,S,T,R,L,T,C,L,S,H,N,I,S,L,A,A,L,S,W,N,W,L,N,S,S,S,S,N,T,S,S,S,S,S,S,S,S,S,S,S,G,S,S,S,S,S,S,S,S,S,S,S,L,S,S,S,S,A,Q,S,L,S,C,R,V,S,S,L,S,S,S,S,S,S,S,S,L,V,S,S,S,S,H,H,H,H,H,H,S
V,V,V,V,V,V,S,V,V,V,V,V,S,S,A,S,S,L,T,L,T,C,A,S,S,A,F,S,S,S,S,S,R,W,W,W,W,S,S,S,S,S,L,L,L,Y,S,S,S,S,S,S,S,S,Y,Y,Y,Y,Y,Y,Y,Y,D,D,D,D,N,Y,S,V,S,H,S,S,S,S,N,S,S,S,L,S,V,N,A,V,N,S,S,H,K,A,V,Y,L,C,A,S,V,V,L,V,S,S,S,S,S,S,S,S,R,S,R,S,S,S,S,S,S,S,S,S,V,S,S,S,S,S,S,S,N,S,S,S,V,V,S,S,S,S,S,L,L,L,S,S,S,S,S,T,R,L,T,C,L,A,S,N,A,S,L,A,A,A,H,W,H,W,L,S,A,S,A,L,A,S,S,S,S,S,S,S,S,S,S,S,S,G,S,S,S,S,S,S,S,S,S,S,S,L,S,S,A,G,G,A,S,A,S,C,L,V,S,H,A,S,A,A,S,S,S,S,S,S,S,S,L,S,S,H,H,H,H,H,H,S
S,V,V,S,S,S,S,V,A,V,V,V,A,A,G,A,A,L,T,L,A,C,A,T,A,S,S,R,S,A,S,V,V,W,W,W,Y,R,S,S,S,A,R,V,V,V,V,V,S,S,S,V,Y,Y,Y,Y,Y,Y,Y,Y,Y,D,N,Y,H,H,H,H,H,V,V,H,S,S,S,A,A,S,A,S,L,S,V,A,A,V,N,S,S,A,A,A,V,Y,Y,C,A,A,A,V,V,A,S,A,S,S,S,S,S,S,S,S,A,S,S,S,S,S,S,S,S,S,V,S,V,S,S,S,S,S,S,S,S,S,V,S,S,S,S,V,V,V,S,L,V,S,S,S,S,A,R,L,T,C,L,V,S,N,A,S,A,A,A,V,S,W,L,W,L,S,S,S,A,L,A,A,V,S,S,S,S,S,S,S,S,S,S,G,S,S,T,T,S,Q,S,H,S,S,S,L,A,A,A,A,A,A,S,A,T,C,K,A,S,H,A,A,A,A,S,S,S,S,S,S,S,S,S,S,S,S,H,H,H,H,H,H
S,S,W,S,S,S,S,S,V,V,V,V,S,S,G,S,S,L,T,L,S,C,A,A,S,A,S,S,S,S,S,T,V,Y,K,W,Y,K,S,S,S,S,L,V,L,V,V,V,S,S,S,V,S,V,S,Y,V,Q,Y,Y,Y,V,V,V,S,H,S,H,H,H,V,H,S,D,D,V,N,S,Y,S,L,S,V,V,N,V,N,S,H,E,A,A,V,Y,Y,C,A,A,S,L,L,L,S,S,S,S,S,G,S,S,R,S,G,G,S,S,S,S,S,S,S,S,L,L,L,S,L,V,V,V,V,V,V,V,V,V,V,V,V,V,V,V,V,V,V,S,S,S,S,S,R,L,S,C,L,A,S,N,S,S,A,A,A,V,S,V,V,W,L,S,S,S,S,L,A,S,V,S,S,S,S,S,S,S,S,S,S,G,N,S,S,Y,S,L,S,H,S,S,S,V,L,H,Q,H,A,Q,S,V,T,C,R,S,S,H,A,A,S,A,S,S,S,S,S,S,S,S,S,S,S,S,H,H,H,H,H,H
S,S,W,S,S,S,S,V,V,V,V,V,S,S,G,S,S,V,T,L,S,C,V,F,T,S,F,L,S,S,S,S,T,Y,Y,W,Y,K,S,S,S,S,L,V,W,S,W,S,S,S,S,S,S,S,S,S,S,S,S,Y,S,S,S,S,S,S,S,Y,S,S,V,S,S,S,S,S,S,S,S,S,L,S,V,V,N,S,N,S,N,D,A,V,V,Y,Y,C,A,S,S,S,L,L,S,S,S,S,S,R,S,S,R,S,S,S,S,S,S,S,S,S,G,S,L,S,V,S,P,P,S,S,S,A,V,V,V,V,V,V,V,V,V,V,V,V,V,S,S,S,S,L,R,L,S,C,L,V,S,N,S,S,P,A,A,V,S,V,V,W,L,L,S,S,S,S,A,A,V,S,S,S,S,S,S,S,S,S,S,Q,S,S,S,Y,S,H,L,L,S,S,S,A,A,S,S,A,A,T,S,A,T,C,Q,V,S,H,S,S,S,A,S,S,S,S,S,S,S,S,S,S,S,S,H,H,H,H,H,H
S,V,S,V,V,V,V,V,V,V,V,V,S,S,G,S,S,V,T,L,S,C,S,T,T,T,L,S,S,S,S,T,Y,V,Y,W,Y,N,S,S,S,L,L,V,W,V,W,S,S,V,S,V,S,V,S,S,A,S,S,Y,V,A,V,Y,S,V,V,V,V,V,V,V,S,S,S,L,N,S,V,T,L,S,L,V,V,V,N,S,N,D,A,V,V,Y,Y,C,T,A,T,L,L,A,S,S,W,S,S,R,W,W,W,S,R,S,S,S,S,S,S,R,G,T,L,S,L,S,P,P,P,S,A,A,V,V,V,V,V,V,V,V,V,V,V,V,V,S,S,S,S,V,L,L,S,C,S,V,S,G,L,S,P,A,A,V,V,V,V,L,L,L,A,L,P,P,L,T,I,T,L,S,A,A,S,S,S,S,S,Q,L,S,L,A,S,L,L,L,S,V,S,V,L,S,S,S,A,V,V,V,T,C,Q,A,S,H,L,A,A,A,A,T,S,S,S,S,S,S,S,S,S,S,H,H,H,H,H,H
A,V,V,V,V,V,V,V,V,V,V,V,V,S,G,S,A,V,L,L,S,C,V,A,T,R,F,S,S,S,A,Y,T,F,Y,W,Y,K,Q,Q,Q,A,L,T,W,S,W,S,S,S,T,V,Y,A,S,S,A,E,Y,Y,Y,A,V,Y,S,V,R,F,V,V,V,V,S,S,D,S,N,S,V,T,L,V,V,V,V,V,V,S,S,D,A,V,V,Y,Y,C,Q,A,T,T,L,A,S,S,S,S,S,R,W,W,W,S,R,S,S,S,S,S,S,V,V,T,L,T,L,T,P,P,P,P,P,P,V,V,V,V,V,V,V,P,V,V,V,V,V,S,S,S,S,V,V,L,S,C,S,A,S,G,F,S,P,A,A,V,S,V,V,W,L,L,L,A,P,P,P,A,A,A,A,A,A,A,A,S,Q,Q,S,G,L,Y,L,Y,S,L,R,L,R,L,S,V,R,H,S,S,A,V,S,V,T,C,Q,V,S,H,S,S,S,A,S,T,S,S,R,S,S,R,R,S,S,S,H,H,H,H,H,H
Q,Q,Q,V,V,A,V,V,V,V,V,V,S,S,G,S,A,V,T,L,S,C,V,T,T,T,F,T,A,S,A,A,T,V,Y,W,Y,K,K,R,Q,Q,A,T,W,Q,W,V,Q,V,W,V,Y,A,S,Y,Y,Q,Y,Y,Y,R,A,Y,V,V,R,F,V,V,V,V,V,R,S,S,N,T,V,T,L,T,V,V,V,V,V,V,A,D,A,V,V,Y,Y,C,A,V,T,T,A,A,S,S,S,S,S,R,W,W,W,G,G,R,S,S,S,T,S,V,T,T,L,T,V,T,P,A,A,A,A,A,V,V,V,V,V,V,V,V,V,V,S,Q,Q,S,Q,S,S,A,V,L,S,C,S,A,S,G,F,Y,P,A,A,V,V,V,V,W,L,V,L,A,A,L,A,A,V,A,V,A,Q,A,Q,S,Q,Q,Q,Q,N,Y,Y,Y,S,L,L,L,S,V,L,V,V,A,W,S,V,V,V,V,T,C,Q,V,S,H,L,D,S,G,S,S,S,S,R,R,S,R,L,V,S,S,S,H,H,H,H,H
A,Q,Q,V,Q,Q,P,V,V,V,V,V,S,S,G,S,S,A,T,L,S,C,Q,S,T,A,F,S,A,A,A,A,T,L,Y,W,Y,R,K,R,Q,Q,G,Q,P,Q,W,V,Q,W,W,Q,Y,S,S,Y,S,E,Y,Y,R,R,R,N,R,R,R,F,R,V,R,K,K,K,S,S,N,T,T,T,L,T,K,T,V,V,T,V,E,D,A,A,T,Y,Y,C,A,A,T,T,A,A,S,S,R,S,S,R,W,S,W,S,G,R,S,S,S,T,T,T,T,T,L,T,V,T,P,A,A,A,A,A,A,A,V,A,V,V,V,A,V,V,V,V,Q,S,Q,S,S,A,T,L,S,C,S,A,S,G,F,F,P,A,A,V,A,V,T,W,S,Q,R,G,Q,P,S,A,A,Q,S,Q,S,S,S,S,Q,S,D,G,N,Y,T,A,S,S,S,L,S,V,S,A,A,A,L,A,G,V,T,V,T,C,V,V,V,H,S,D,D,G,T,A,S,S,S,S,S,R,R,R,S,S,S,H,H,H,H,H
A,Q,Q,V,Q,Q,P,V,V,V,V,V,S,G,G,S,T,A,T,L,S,C,V,S,T,S,F,T,T,S,S,V,T,V,Y,W,Y,R,K,R,Q,S,G,S,P,Q,W,V,S,W,S,T,S,S,S,G,S,W,S,N,N,N,N,N,R,R,R,F,R,V,R,R,K,K,K,T,N,T,A,T,L,T,V,V,V,V,T,A,S,D,A,A,T,Y,Y,C,A,V,T,T,A,A,S,K,T,T,T,T,W,T,T,A,G,R,T,T,T,T,T,G,T,T,L,T,V,T,A,A,A,A,A,A,P,A,V,V,V,V,V,P,V,V,V,V,L,L,Q,Q,S,V,T,L,T,C,S,A,S,G,F,Y,P,A,A,V,T,V,T,W,S,N,P,G,P,P,S,A,V,Q,Q,Q,S,S,S,S,S,S,N,Y,N,Y,Y,Y,S,S,S,L,S,V,S,A,A,A,W,S,S,V,V,Y,T,C,V,V,A,H,S,S,S,G,T,T,L,S,T,T,S,L,L,S,S,S,S,H,H,H,H,H
A,A,V,V,V,Q,P,V,V,V,V,V,V,E,G,A,S,A,T,L,S,C,Q,S,T,A,F,V,L,S,S,H,T,V,Y,W,Y,R,Q,R,S,S,K,S,P,W,W,I,V,S,V,T,T,S,T,S,S,N,S,V,Y,H,H,F,R,R,R,F,H,V,R,R,R,K,N,T,N,T,A,T,L,T,I,V,V,V,T,V,E,D,A,A,T,Y,Y,C,A,K,T,R,K,V,S,K,L,R,T,I,R,L,T,T,G,T,T,T,F,T,T,G,T,T,L,T,V,T,A,A,A,A,A,A,P,A,V,V,V,V,V,P,V,V,V,V,V,S,Q,Q,S,A,T,L,S,C,S,A,S,G,F,F,P,A,A,V,T,V,T,W,S,S,S,A,P,S,S,S,S,S,S,S,S,S,S,S,S,S,S,G,S,Y,Y,Y,S,S,S,L,S,V,A,A,A,S,W,S,S,N,S,Y,S,C,Q,V,S,H,S,S,S,G,T,T,T,T,T,T,V,V,V,V,P,S,S,H,H,H,H,H
A,V,V,V,Q,Q,Q,V,V,V,V,V,V,E,G,A,S,A,T,L,S,C,V,S,S,A,F,V,L,S,S,H,N,V,Y,W,Y,R,Q,R,Q,G,L,G,P,Q,W,I,V,S,S,S,S,N,N,S,N,N,S,S,S,Y,N,H,R,R,R,F,H,H,V,R,R,K,S,K,N,T,F,S,L,T,I,T,S,V,T,P,S,D,T,A,V,Y,Y,C,A,V,T,T,T,V,S,S,S,T,T,T,L,L,T,T,T,T,T,Y,F,T,T,G,T,T,L,V,V,T,A,A,A,A,A,P,P,P,V,T,V,V,V,P,V,V,L,V,L,E,E,E,E,A,T,L,L,C,L,V,H,G,F,F,P,E,E,V,T,V,T,W,L,S,L,G,L,S,S,G,V,Q,S,F,S,S,Q,S,Q,S,S,G,T,Y,Y,S,S,S,S,L,S,V,S,A,S,S,W,E,G,Q,T,Y,T,C,Q,V,V,H,S,S,S,G,T,T,L,T,T,S,T,T,V,V,S,S,S,H,H,H,H,H
A,V,V,L,Q,Q,Q,S,V,V,V,V,V,A,G,A,S,V,T,L,T,C,R,A,V,G,F,T,L,T,S,Q,T,V,Y,W,Y,Q,Q,K,A,G,G,G,P,V,W,I,I,S,V,S,T,T,T,S,N,N,S,V,S,G,G,H,Q,R,R,F,S,V,V,V,D,K,S,T,N,T,A,T,L,T,I,S,S,V,T,P,S,D,S,A,V,Y,Y,C,A,A,S,T,T,V,T,T,S,T,A,A,S,S,G,A,G,A,V,Y,F,G,T,G,T,T,V,V,V,T,A,A,A,A,A,P,P,S,V,V,M,I,L,L,S,Q,Q,Q,L,E,G,G,G,V,T,L,L,C,L,A,A,G,F,Y,P,A,E,V,E,V,S,W,T,S,S,G,A,A,S,G,V,Q,S,Y,S,S,Q,S,S,S,A,G,T,Y,Y,S,S,S,L,L,T,V,S,A,A,E,W,S,G,Q,T,L,T,C,Q,V,Q,H,T,A,S,G,Q,T,T,T,T,S,S,T,Q,A,S,S,S,H,H,H,H,H
A,A,T,L,V,Q,Q,G,S,Q,V,V,S,A,G,A,S,V,T,L,T,C,Q,A,V,G,Y,S,F,T,S,H,W,T,W,W,Y,Q,Q,K,P,G,G,G,P,Q,W,I,A,W,W,W,S,S,S,G,G,A,S,V,S,D,A,F,K,S,R,F,S,A,V,R,D,K,V,K,N,T,A,S,L,T,I,S,A,V,T,V,S,D,S,A,V,Y,Y,C,A,V,S,T,T,V,S,S,W,T,A,A,S,S,G,W,G,Y,W,Y,W,G,G,G,T,T,V,V,V,T,A,A,A,A,A,P,P,S,V,Y,L,Y,L,L,S,S,S,Q,Q,S,G,G,S,A,T,L,T,C,L,A,S,G,Y,Y,P,E,A,V,T,V,T,W,T,T,S,G,L,S,S,G,V,Q,T,F,P,S,Q,Q,Q,A,R,G,R,Y,T,W,S,S,Y,L,T,V,S,A,A,A,W,A,G,N,T,Y,T,C,Q,V,S,H,E,D,S,N,Q,T,T,T,T,T,T,S,L,V,S,S,S,H,H,H,H,H
A,V,S,L,V,Q,S,G,S,V,V,A,K,A,G,A,S,V,K,L,S,C,R,V,S,G,Y,T,F,T,S,Q,W,T,S,W,N,K,Q,K,P,G,K,G,L,E,W,I,G,W,I,W,P,S,S,G,G,Y,Y,Y,Y,A,K,F,K,S,R,F,S,M,S,H,D,R,S,T,N,S,A,Y,L,E,I,S,S,V,K,V,E,D,S,A,V,Y,Y,C,A,V,R,T,T,S,S,S,R,N,A,A,G,Y,G,S,G,Y,F,Y,G,G,G,G,T,L,V,T,V,T,A,A,S,V,A,P,P,S,V,F,L,L,V,V,S,S,R,Q,L,S,S,G,T,L,T,L,A,C,L,V,T,D,F,F,P,E,A,V,T,V,S,W,S,T,S,A,V,T,S,G,V,S,T,F,P,A,V,L,S,S,S,G,L,Y,S,V,Y,S,V,L,I,V,S,A,S,S,W,K,S,Q,T,Y,T,C,Q,V,Q,H,I,A,S,G,Q,T,L,E,A,T,Y,S,L,S,S,S,S,H,H,H,H,H
Q,V,V,L,V,Q,S,G,S,V,V,A,K,A,G,A,S,V,K,L,S,C,Q,A,S,G,F,T,F,T,S,S,W,V,G,W,V,K,Q,K,A,G,K,G,L,E,W,I,G,H,V,N,S,G,S,G,G,T,A,Y,Y,A,K,F,K,G,R,V,S,A,S,A,D,T,S,S,K,T,A,Y,L,E,I,S,N,L,Q,V,E,D,S,A,V,Y,Y,C,A,V,S,A,T,T,S,S,Q,N,A,A,L,Y,N,N,G,Y,D,Y,W,G,G,G,T,L,V,T,V,T,S,A,S,R,R,P,P,S,V,F,M,L,A,P,S,S,R,Q,L,L,S,G,T,Q,T,L,A,C,L,V,T,G,F,F,P,E,A,V,T,V,S,W,S,S,G,A,L,T,T,G,I,H,T,F,P,A,V,L,Q,S,S,G,T,Y,T,V,Y,S,V,L,T,V,P,A,S,T,S,S,T,Q,T,H,T,C,R,V,Q,H,G,G,S,G,T,T,T,E,K,T,V,T,A,S,S,S,C,H,H,H,H,H
M,V,Q,L,V,Q,S,G,S,E,V,K,K,P,G,A,S,V,K,L,S,C,K,A,S,G,Y,S,F,T,N,Y,W,M,S,W,V,K,Q,A,P,G,K,G,L,E,W,I,G,H,I,N,P,Y,Y,G,G,T,A,Y,N,A,K,F,K,G,R,F,T,M,S,A,D,T,S,S,K,T,A,Y,L,E,I,S,S,L,K,A,E,D,S,A,T,Y,Y,C,A,R,S,H,V,V,S,S,T,A,A,G,G,G,N,N,Y,Y,D,Y,W,G,Q,G,T,L,V,T,V,T,S,A,A,P,K,P,P,S,V,F,P,L,A,P,S,S,S,S,S,S,S,G,N,A,T,L,A,C,L,V,T,G,Y,F,P,E,P,V,T,V,S,W,N,S,G,A,L,T,S,G,V,H,T,F,P,A,V,L,Q,S,S,G,L,Y,T,M,S,S,V,L,T,V,P,A,S,T,A,G,T,Q,T,F,T,C,T,V,Q,H,P,A,S,G,T,T,I,E,K,S,V,S,G,S,S,S,H,H,H,H,H,H
Q,V,Q,L,V,Q,S,G,S,E,V,K,R,P,G,A,S,V,K,L,S,C,K,A,S,G,Y,T,F,T,S,Y,Y,M,H,W,V,R,Q,A,P,G,Q,G,L,E,W,M,G,Y,I,N,P,G,S,G,G,T,D,Y,N,K,S,F,K,G,R,V,T,L,T,R,D,T,S,S,S,T,A,Y,L,Q,L,S,S,L,R,S,E,D,T,A,V,Y,Y,C,A,R,D,H,Q,W,S,S,G,S,S,G,G,G,N,N,S,F,D,Y,W,G,S,G,T,L,V,T,V,S,S,E,S,T,K,G,P,S,V,F,P,L,A,P,S,S,R,S,S,S,G,G,T,A,T,L,A,C,L,V,K,D,Y,F,P,E,P,V,T,V,S,W,N,S,G,A,L,T,S,G,V,H,T,F,P,A,V,L,Q,S,S,G,L,Y,T,L,S,S,V,V,T,V,P,A,S,S,L,G,S,Q,T,Y,V,C,N,V,N,H,P,P,S,N,T,K,V,D,K,R,V,D,G,S,E,H,H,H,H,H,H,H